{
  "nodes": {
    "+typescript#1": {
      "contentWidth": 450,
      "rfNode": {
        "position": {
          "x": -360.15755639210636,
          "y": 18.950414545064156
        }
      }
    },
    "end": {
      "rfNode": {
        "position": {
          "x": 357.84244360789364,
          "y": 54.950414545064156
        }
      }
    }
  }
}