{
  "nodes": {
    "+typescript#1": {
      "contentWidth": 624.7421875,
      "rfNode": {
        "position": {
          "x": 301.65066655089083,
          "y": -515.5194072946391
        }
      }
    },
    "+typescript#2": {
      "contentWidth": 450,
      "rfNode": {
        "position": {
          "x": 1072.3774600208317,
          "y": -572.077583762589
        }
      }
    },
    "+typescript#3": {
      "contentWidth": 450,
      "rfNode": {
        "position": {
          "x": 1624.2618136052643,
          "y": -532.6742315453
        }
      }
    },
    "+typescript#4": {
      "contentWidth": 450,
      "rfNode": {
        "position": {
          "x": 2150.4669221607296,
          "y": -506.3657316718809
        }
      }
    },
    "+typescript#5": {
      "contentWidth": 450,
      "rfNode": {
        "position": {
          "x": -49.66927792366204,
          "y": 773.7931180731088
        }
      }
    },
    "+typescript#6": {
      "contentWidth": 450,
      "rfNode": {
        "position": {
          "x": 658.0156675419721,
          "y": 785.5049701638168
        }
      }
    },
    "+typescript#7": {
      "contentWidth": 450,
      "rfNode": {
        "position": {
          "x": 1395,
          "y": 855
        }
      }
    },
    "+typescript#8": {
      "contentWidth": 450,
      "rfNode": {
        "position": {
          "x": 2008.930660103985,
          "y": 916.4032241643972
        }
      }
    },
    "+typescript#9": {
      "contentWidth": 450,
      "rfNode": {
        "position": {
          "x": -45,
          "y": 1995
        }
      }
    },
    "+typescript#10": {
      "contentWidth": 450,
      "rfNode": {
        "position": {
          "x": 541.8360100224872,
          "y": 2015.8013689478414
        }
      }
    },
    "+typescript#11": {
      "contentWidth": 450,
      "rfNode": {
        "position": {
          "x": -26.452437396583562,
          "y": 2901.579549258102
        }
      },
      "sections": {
        "preview": {
          "cardCollapsed": true
        }
      }
    },
    "+typescript#12": {
      "contentWidth": 450,
      "rfNode": {
        "position": {
          "x": 1333.0590864324197,
          "y": 2766.475228613132
        }
      }
    }
  }
}