{
  "nodes": {
    "+javascript#1": {
      "contentWidth": 450,
      "rfNode": {
        "position": {
          "x": -312.4908337705133,
          "y": 90.62185805102875
        }
      }
    },
    "cjs": {
      "contentWidth": 450,
      "rfNode": {
        "position": {
          "x": 233,
          "y": 128.81092902551438
        }
      }
    },
    "end": {
      "contentWidth": 450,
      "rfNode": {
        "position": {
          "x": 759.7545831147434,
          "y": 142.81092902551438
        }
      }
    }
  }
}