{
  "nodes": {
    "+typescript#1": {
      "contentWidth": 566.2156801726288,
      "rfNode": {
        "position": {
          "x": -40.42869192814317,
          "y": -182.21237075189066
        }
      }
    },
    "end": {
      "contentWidth": 450,
      "rfNode": {
        "position": {
          "x": 658.2461640362287,
          "y": -98.21237075189065
        }
      }
    }
  }
}