{
  "nodes": {
    "+typescript#1": {
      "contentWidth": 566.2156801726288,
      "rfNode": {
        "position": {
          "x": 148.57130807185683,
          "y": 115.78762924810935
        }
      }
    },
    "+typescript#2": {
      "contentWidth": 450,
      "rfNode": {
        "position": {
          "x": 882.2461640362286,
          "y": 115.78762924810935
        }
      }
    }
  }
}