{
  "nodes": {
    "+javascript#1": {
      "contentWidth": 450,
      "rfNode": {
        "position": {
          "x": 3.020236201790709,
          "y": -280.4725682590552
        }
      }
    },
    "+typescript#1": {
      "contentWidth": 450,
      "rfNode": {
        "position": {
          "x": -98.29829424183515,
          "y": 639.6919159773826
        }
      },
      "sections": {
        "scriptlet": {
          "cardCollapsed": true
        }
      }
    },
    "+javascript#2": {
      "contentWidth": 450,
      "rfNode": {
        "position": {
          "x": 751.2604202757612,
          "y": 730.2124845905498
        }
      }
    },
    "+typescript#2": {
      "contentWidth": 450,
      "rfNode": {
        "position": {
          "x": 686.3048207623568,
          "y": -8.308084022617436
        }
      }
    }
  }
}