{
  "nodes": {
    "node-1": {
      "rfNode": {
        "position": {
          "x": 193.65823569840705,
          "y": -422.1778508983398
        }
      }
    },
    "value-1": {
      "rfNode": {
        "position": {
          "x": -380.0721526348529,
          "y": -410.4423245159321
        }
      }
    },
    "+javascript#1": {
      "contentWidth": 450,
      "rfNode": {
        "position": {
          "x": 777,
          "y": -166
        }
      }
    },
    "sub#1": {
      "rfNode": {
        "position": {
          "x": 215.3310806915688,
          "y": 367.801762299436
        }
      }
    }
  }
}